ville;code_postal;departement
Clermont-Ferrand;63000;63
Clermont-Ferrand;63000;63
Clermont-Ferrand;63000;63
Clermont-Ferrand;63000;63
Clermont-Ferrand;63000;63
Clermont-Ferrand;63000;63
Clermont-Ferrand;63000;63
Cournon-d'Auvergne;63800;63
Cournon-d'Auvergne;63800;63
Cournon-d'Auvergne;63800;63
Cournon-d'Auvergne;63800;63
Cournon-d'Auvergne;63800;63
Cournon-d'Auvergne;63800;63
Cournon-d'Auvergne;63800;63
Cournon-d'Auvergne;63800;63
Cournon-d'Auvergne;63800;63
Cournon-d'Auvergne;63800;63
Cournon-d'Auvergne;63800;63
Cournon-d'Auvergne;63800;63
Cournon-d'Auvergne;63800;63
Cournon-d'Auvergne;63800;63
Cournon-d'Auvergne;63800;63
Cournon-d'Auvergne;63800;63
Cournon-d'Auvergne;63800;63
Cournon-d'Auvergne;63800;63
Cournon-d'Auvergne;63800;63
Cournon-d'Auvergne;63800;63
Cournon-d'Auvergne;63800;63
Cournon-d'Auvergne;63800;63
Cournon-d'Auvergne;63800;63
Cournon-d'Auvergne;63800;63
Cournon-d'Auvergne;63800;63
Cournon-d'Auvergne;63800;63
Cournon-d'Auvergne;63800;63
Cournon-d'Auvergne;63800;63
Cournon-d'Auvergne;63800;63
Cournon-d'Auvergne;63800;63
Cournon-d'Auvergne;63800;63
Cournon-d'Auvergne;63800;63
Cournon-d'Auvergne;63800;63
Cournon-d'Auvergne;63800;63
Cournon-d'Auvergne;63800;63
Cournon-d'Auvergne;63800;63
Cournon-d'Auvergne;63800;63
Cournon-d'Auvergne;63800;63
Cournon-d'Auvergne;63800;63
Cournon-d'Auvergne;63800;63
Cournon-d'Auvergne;63800;63
Cournon-d'Auvergne;63800;63
Cournon-d'Auvergne;63800;63
Cournon-d'Auvergne;63800;63
Cournon-d'Auvergne;63800;63
Cournon-d'Auvergne;63800;63
Cournon-d'Auvergne;63800;63
Cournon-d'Auvergne;63800;63
Cournon-d'Auvergne;63800;63
Cournon-d'Auvergne;63800;63
Cournon-d'Auvergne;63800;63
Cournon-d'Auvergne;63800;63
Cournon-d'Auvergne;63800;63
Cournon-d'Auvergne;63800;63
Cournon-d'Auvergne;63800;63
Cournon-d'Auvergne;63800;63
Cournon-d'Auvergne;63800;63
Cournon-d'Auvergne;63800;63
Chamalières;63400;63
Chamalières;63400;63
Chamalières;63400;63
Chamalières;63400;63
Chamalières;63400;63
Chamalières;63400;63
Chamalières;63400;63
Chamalières;63400;63
Chamalières;63400;63
Chamalières;63400;63
Chamalières;63400;63
Chamalières;63400;63
Clermont-Ferrand;63000;63
Clermont-Ferrand;63000;63
Clermont-Ferrand;63000;63
Clermont-Ferrand;63000;63
Clermont-Ferrand;63100;63
Clermont-Ferrand;63100;63
Clermont-Ferrand;63100;63
Clermont-Ferrand;63100;63
Clermont-Ferrand;63100;63
Clermont-Ferrand;63100;63
Clermont-Ferrand;63100;63
Clermont-Ferrand;63100;63
Clermont-Ferrand;63100;63
Clermont-Ferrand;63100;63
Clermont-Ferrand;63100;63
Clermont-Ferrand;63100;63
Clermont-Ferrand;63100;63
Clermont-Ferrand;63100;63
Clermont-Ferrand;63100;63
Clermont-Ferrand;63100;63
Clermont-Ferrand;63100;63
Clermont-Ferrand;63100;63
Clermont-Ferrand;63100;63
Clermont-Ferrand;63100;63
Clermont-Ferrand;63100;63
Clermont-Ferrand;63100;63
Clermont-Ferrand;63100;63
Clermont-Ferrand;63100;63
Clermont-Ferrand;63100;63
Clermont-Ferrand;63100;63
Clermont-Ferrand;63100;63
Clermont-Ferrand;63100;63
Clermont-Ferrand;63100;63
Clermont-Ferrand;63100;63
Clermont-Ferrand;63100;63
Clermont-Ferrand;63100;63
Clermont-Ferrand;63100;63
Clermont-Ferrand;63100;63
Clermont-Ferrand;63100;63
Clermont-Ferrand;63100;63
Clermont-Ferrand;63100;63
Clermont-Ferrand;63100;63
Clermont-Ferrand;63100;63
Clermont-Ferrand;63100;63
Clermont-Ferrand;63100;63
Clermont-Ferrand;63100;63
Clermont-Ferrand;63100;63
Clermont-Ferrand;63100;63
Clermont-Ferrand;63100;63
Clermont-Ferrand;63100;63
Clermont-Ferrand;63100;63
Clermont-Ferrand;63100;63
Clermont-Ferrand;63100;63
Clermont-Ferrand;63100;63
Clermont-Ferrand;63100;63
Clermont-Ferrand;63100;63
Clermont-Ferrand;63100;63
Clermont-Ferrand;63100;63
Clermont-Ferrand;63100;63
Clermont-Ferrand;63100;63
Clermont-Ferrand;63100;63
Clermont-Ferrand;63000;63
Clermont-Ferrand;63000;63
Clermont-Ferrand;63000;63
Clermont-Ferrand;63000;63
Clermont-Ferrand;63000;63
Clermont-Ferrand;63000;63
Clermont-Ferrand;63000;63
Clermont-Ferrand;63000;63
Clermont-Ferrand;63000;63
Clermont-Ferrand;63000;63
Clermont-Ferrand;63000;63
Clermont-Ferrand;63000;63
Clermont-Ferrand;63000;63
Clermont-Ferrand;63000;63
Clermont-Ferrand;63000;63
Clermont-Ferrand;63000;63
Clermont-Ferrand;63000;63
Clermont-Ferrand;63000;63
Clermont-Ferrand;63000;63
Clermont-Ferrand;63000;63
Clermont-Ferrand;63000;63
Clermont-Ferrand;63000;63
Clermont-Ferrand;63000;63
Clermont-Ferrand;63000;63
Clermont-Ferrand;63000;63
Clermont-Ferrand;63000;63
Neuvecelle;74500;74
Neuvecelle;74500;74
Neuvecelle;74500;74
Neuvecelle;74500;74
Neuvecelle;74500;74
Neuvecelle;74500;74
Neuvecelle;74500;74
Neuvecelle;74500;74
Neuvecelle;74500;74
Neuvecelle;74500;74
LaMotte-Servolex;73290;73
LaMotte-Servolex;73290;73
LaMotte-Servolex;73290;73
LaMotte-Servolex;73290;73
LaMotte-Servolex;73290;73
LaMotte-Servolex;73290;73
LaMotte-Servolex;73290;73
LaMotte-Servolex;73290;73
LaMotte-Servolex;73290;73
LaMotte-Servolex;73290;73
LaMotte-Servolex;73290;73
LaMotte-Servolex;73290;73
LaMotte-Servolex;73290;73
LaMotte-Servolex;73290;73
LaMotte-Servolex;73290;73
LaMotte-Servolex;73290;73
LaMotte-Servolex;73290;73
LaMotte-Servolex;73290;73
LaMotte-Servolex;73290;73
LaMotte-Servolex;73290;73
LaMotte-Servolex;73290;73
LaMotte-Servolex;73290;73
LaMotte-Servolex;73290;73
LaMotte-Servolex;73290;73
LaMotte-Servolex;73290;73
LaMotte-Servolex;73290;73
LaMotte-Servolex;73290;73
LaMotte-Servolex;73290;73
LaMotte-Servolex;73290;73
Claix;38640;38
Claix;38640;38
Claix;38640;38
Claix;38640;38
Claix;38640;38
Saint-Fons;69190;69
Saint-Fons;69190;69
Saint-Fons;69190;69
Saint-Fons;69190;69
Saint-Fons;69190;69
LaTour-de-Salvagny;69890;69
LaTour-de-Salvagny;69890;69
LaTour-de-Salvagny;69890;69
LaTour-de-Salvagny;69890;69
LaTour-de-Salvagny;69890;69
LaTour-de-Salvagny;69890;69
LaTour-de-Salvagny;69890;69
LaTour-de-Salvagny;69890;69
LaTour-de-Salvagny;69890;69
LaTour-de-Salvagny;69890;69
Lyon;69003;69
Lyon;69003;69
Lyon;69003;69
Lyon;69003;69
Lyon;69003;69
Lyon;69003;69
Lyon;69003;69
Lyon;69003;69
Lyon;69003;69
Orliénas;69530;69
Orliénas;69530;69
Orliénas;69530;69
Orliénas;69530;69
Orliénas;69530;69
Orliénas;69530;69
Orliénas;69530;69
Orliénas;69530;69
Orliénas;69530;69
Orliénas;69530;69
Vienne;38200;38
Vienne;38200;38
Vienne;38200;38
Vienne;38200;38
Vienne;38200;38
Vienne;38200;38
Vaulx-en-Velin;69120;69
Vaulx-en-Velin;69120;69
Vaulx-en-Velin;69120;69
Vaulx-en-Velin;69120;69
Vaulx-en-Velin;69120;69
Vaulx-en-Velin;69120;69
Vaulx-en-Velin;69120;69
Vaulx-en-Velin;69120;69
Vaulx-en-Velin;69120;69
Vaulx-en-Velin;69120;69
Brignais;69530;69
Brignais;69530;69
Brignais;69530;69
Brignais;69530;69
Brignais;69530;69
Brignais;69530;69
Brignais;69530;69
Brignais;69530;69
Brignais;69530;69
Brignais;69530;69
Collonges-au-Mont-d'Or;69660;69
Collonges-au-Mont-d'Or;69660;69
Collonges-au-Mont-d'Or;69660;69
Collonges-au-Mont-d'Or;69660;69
Collonges-au-Mont-d'Or;69660;69
Collonges-au-Mont-d'Or;69660;69
Collonges-au-Mont-d'Or;69660;69
Collonges-au-Mont-d'Or;69660;69
Collonges-au-Mont-d'Or;69660;69
Collonges-au-Mont-d'Or;69660;69
Collonges-au-Mont-d'Or;69660;69
Collonges-au-Mont-d'Or;69660;69
Collonges-au-Mont-d'Or;69660;69
Collonges-au-Mont-d'Or;69660;69
Collonges-au-Mont-d'Or;69660;69
Collonges-au-Mont-d'Or;69660;69
Collonges-au-Mont-d'Or;69660;69
Collonges-au-Mont-d'Or;69660;69
Lyon;69008;69
Lyon;69008;69
Lyon;69008;69
Lyon;69008;69
Lyon;69008;69
Lyon;69008;69
Lyon;69008;69
Lyon;69008;69
Lyon;69008;69
Lyon;69008;69
Lyon;69008;69
Lyon;69008;69
Domène;38420;38
Domène;38420;38
Domène;38420;38
Domène;38420;38
Domène;38420;38
Domène;38420;38
Domène;38420;38
Domène;38420;38
Domène;38420;38
Domène;38420;38
Domène;38420;38
Domène;38420;38
Domène;38420;38
Vénissieux;69200;69
Vénissieux;69200;69
Vénissieux;69200;69
Vénissieux;69200;69